<?xml version="1.0"?>
<!DOCTYPE Configure PUBLIC "-//Jetty//Configure//EN" "http://www.eclipse.org/jetty/configure_9_0.dtd">
<Configure id="Server" class="org.eclipse.jetty.server.Server">
    <!-- =========================================================== -->
    <!-- Modify the default handler structure for the Server         -->
    <!-- to place CommandManager as a very first handler             -->    
    <!-- A handler collection is used to pass received requests to   -->
    <!-- both the ContextHandlerCollection, which selects the next   -->
    <!-- handler by context path and virtual host, and the           -->
    <!-- DefaultHandler, which handles any requests not handled by   -->
    <!-- the context handlers.                                       -->
    <!-- Other handlers may be added to the "Handlers" collection,   -->
    <!-- for example the jetty-requestlog.xml file adds the          -->
    <!-- RequestLogHandler after the default handler                 -->
    <!-- =========================================================== -->
    <Set name="handler">
        <New id="Handlers" class="org.eclipse.jetty.server.handler.HandlerCollection">
            <Set name="handlers">
                <Array type="org.eclipse.jetty.server.Handler">
                    <Item>
                        <Call name="getInstance" class="org.netbeans.jetty.server.support.CommandManager" />
                    </Item>
                    <Item>
                        <New id="Contexts" class="org.eclipse.jetty.server.handler.ContextHandlerCollection"/>
                    </Item>
                    <Item>
                        <New id="DefaultHandler" class="org.eclipse.jetty.server.handler.DefaultHandler"/>
                    </Item>
                </Array>
            </Set>
        </New>
    </Set>
</Configure>
